111,1111111111,jj,jnjsgjhbaha
111,1111111111,jj,jnjsgjhbaha
111,1111111111,jj,jnjsgjhbaha
111,1111111111,jj,jnjsgjhbaha
111,1111111111,jj,jnjsgjhbaha
111,1111111111,jj,jnjsgjhbaha
111,1111111111,jj,jnjsgjhbaha
111,1111111111,jj,jnjsgjhbaha
name ,9999999999,nan,akjsdhnjksdhkjasd
name ,9999999999,nan,akjsdhnjksdhkjasd
name ,9999999999,nan,akjsdhnjksdhkjasd
name ,9999999999,nan,akjsdhnjksdhkjasd
as,1234567891,asdasd,asdasdasd
sadasda,1111111111,ss,sss
sadasda,1111111111,ss,sss
ss,1111111111,ss,ss
